<?xml version = "1.0" encoding = "utf-8"?>
<!DOCTYPE hibernate-mapping PUBLIC 
"-//Hibernate/Hibernate Mapping DTD//EN"
"http://www.hibernate.org/dtd/hibernate-mapping-3.0.dtd"> 

<hibernate-mapping>
   <class name = "model.Engineer" table = "ENGINEER">
      
      <meta attribute = "class-description">
         This class contains the employee detail. 
      </meta>
      
      <id name = "engineerId" type = "long" column = "ENGINEERID">
         <generator class="identity"/>
      </id>
      
      <property name = "firstName" />
      <property name = "lastName" />
      <property name="address"  />      
   </class>
</hibernate-mapping>