<?xml version = "1.0" encoding = "utf-8"?>
<!DOCTYPE hibernate-configuration SYSTEM 
"http://www.hibernate.org/dtd/hibernate-configuration-3.0.dtd">
<hibernate-configuration>
	<session-factory>
		<property name="connection.url">jdbc:mysql://localhost:3306/jf003</property>

		<property name="connection.driver_class">com.mysql.jdbc.Driver</property>

		<property name="dialect">org.hibernate.dialect.MySQL5Dialect</property>

		<property name="connection.username">root</property>
		<property name="connection.password"></property>

		<!-- DB schema will be updated if needed -->
		<property name="hbm2ddl.auto">update</property>
		<property name="show_sql">true</property>
		<property name="format_sql">false</property>
		
	<!-- 	<mapping resource="engineer.hbm.xml" />	-->
		<!-- <mapping class="model.Engineer" /> -->
	</session-factory>
</hibernate-configuration>
